INSERT INTO course (id, description ,price,title) VALUES ('1','fun', 14, 'funtimes');
INSERT INTO course (id,description,price,title) VALUES ('2','very fun', 18, 'awesome times');
INSERT INTO course (id,description, price,title) VALUES ('3','very expensive',132,'tough times');
INSERT INTO user_type (type_name) VALUES ('Student');
INSERT INTO user_type (type_name) VALUES ('Instructor');
INSERT INTO user_type (type_name) VALUES ('Admin');
INSERT INTO user_entity(id, user_type_id, first_name, last_name, email, username, password) VALUES ('999', '1', 'Andrew', 'Shapiro','and@hello.com','and' ,'123');
INSERT INTO user_entity(id, user_type_id, first_name, last_name, email, username, password) VALUES ('995', '1', 'Berly', 'Paul','berl@hello.com', 'berl' ,'123');
INSERT INTO user_entity(id, user_type_id, first_name, last_name, email, username, password) VALUES ('996', '2', 'Mary', 'Ramirez','Mary@hello.com','mar' ,'123');
INSERT INTO user_entity(id, user_type_id, first_name, last_name, email, username, password) VALUES ('997', '2', 'Deland', 'Patrice','pat@hello.com', 'pat' ,'123');
INSERT INTO user_entity(id, user_type_id, first_name, last_name, email, username, password) VALUES ('998', '2', 'Alexander', 'Justiniano','alex@hello.com','ale' ,'123');
INSERT INTO user_entity(id, user_type_id, first_name, last_name, email, username, password) VALUES ('994', '1', 'Matt', 'Arias','matt@hello.com', 'matt' ,'123');
INSERT INTO user_course(progress, course_id, user_id) VALUES ('1', '1', '999');
INSERT INTO user_course(progress, course_id, user_id) VALUES ('1', '2', '999');
INSERT INTO user_course(progress, course_id, user_id) VALUES ('1', '3', '999');
INSERT INTO user_course(progress, course_id, user_id) VALUES ('1', '1', '995');
INSERT INTO user_course(progress, course_id, user_id) VALUES ('1', '2', '995');
INSERT INTO user_course(progress, course_id, user_id) VALUES ('1', '3', '995');
INSERT INTO user_course(progress, course_id, user_id) VALUES ('1', '2', '997');
INSERT INTO user_course(progress, course_id, user_id) VALUES ('1', '3', '996');
INSERT INTO user_course(progress, course_id, user_id) VALUES ('1', '3', '998');
INSERT INTO user_course(progress, course_id, user_id) VALUES ('1', '3', '995');
INSERT INTO user_course(progress, course_id, user_id) VALUES ('1', '2', '994');
INSERT INTO user_course(progress, course_id, user_id) VALUES ('1', '3', '996');